{
	"current" : {
		"version" : "2.0",	
		"maintainer" : "维护者",	//如 arifeng
		"date" : "修改时间",		//如 2013/08/12
		"feature" : "新的特性",		//如 支持...
		"bugfix" : "问题修复",		//如 解决了XXX的BUG
	},
	"history" : [
		{
			"version" : "1.9",	
			"maintainer" : "维护者",
			"date" : "修改时间",	
			"feature" : "新的特性",	
			"bugfix" : "问题修复",		
		},
		{
			"version" : "1.8",	
			"maintainer" : "维护者",
			"date" : "修改时间",	
			"feature" : "新的特性",	
			"bugfix" : "问题修复",		
		},
		{
			"version" : "1.7",	
			"maintainer" : "维护者",
			"date" : "修改时间",	
			"feature" : "新的特性",	
			"bugfix" : "问题修复",		
		}
		//....
	]
}